{
	"pages": [
		{
			"path": "pages/index/index",
			"style": {
				// #ifdef MP 
				"navigationBarTitleText": "__APP_NAME__",
				//"navigationStyle": "custom",
				// #endif 
				"h5": {
					"pullToRefresh": {
						"support": true,
						"style": "circle"
					}
				},
				"enablePullDownRefresh": true,
				"app-plus": {
					"titleNView": {
						"type": "transparent",
						"searchInput": {
							"backgroundColor": "rgba(231, 231, 231,.7)",
							"borderRadius": "16px",
							"placeholder": "请输入关键词搜索",
							"disabled": false,
							"placeholderColor": "#606266"
						}
						/* "buttons": [{
								"fontSrc": "/static/yticon.ttf",
								"text": "\ue60d",
								"fontSize": "26",
								"color": "#303133",
								"float": "left",
								"background": "rgba(0,0,0,0)"
							},
							{
								"fontSrc": "/static/yticon.ttf",
								"text": "\ue744",
								"fontSize": "27",
								"color": "#303133",
								"background": "rgba(0,0,0,0)",
								"redDot": true
							}
						] */
					},
					"pullToRefresh": {
						"support": true,
						"style": "circle"
					}
				}
			}
		},
		{
			"path": "pages/product/product",
			"style": {
				"navigationBarTitleText": "详情展示",
				"app-plus": {
					"titleNView": {
						"type": "transparent"
					}
				}
			}
		}, {
			"path": "pages/set/set",
			"style": {
				"navigationBarTitleText": "设置"
			}
		}, {
			"path": "pages/cart/cart",
			"style": {
				"navigationBarTitleText": "购物车",
				"h5": {
					"pullToRefresh": {
						"support": true
					}
				},
				"app-plus": {
					"pullToRefresh": {
						"support": true
					}
				},
				"enablePullDownRefresh": true
			}
		}, {
			"path": "pages/public/login",
			"style": {
				"navigationBarTitleText": "",
				"navigationStyle": "custom",
				"app-plus": {
					"titleNView": false,
					"animationType": "slide-in-bottom"
				}
			}
		}, {
			"path":"pages/public/registe",
			"style": {
				"navigationBarTitleText":"",
				// #ifdef MP
				"navigationStyle": "custom",
				// #endif
				"app-plus": {
					"titleNView": false,
					"animationType": "slide-in-bottom"
				}
			}
		},{
			"path": "pages/user/user",
			"style": {
				"backgroundColor": "#F5F5F5",
				"navigationBarTitleText": "我的",
				// #ifdef MP
				"navigationStyle": "custom",
				// #endif
				"h5": {
					"backgroundColor": "#F5F5F5",
					"pullToRefresh": {
						"support": true,
						"style": "circle"
					}
				},
				"app-plus": {
					"backgroundColor": "#F5F5F5",
					"bounce": "none",
					"titleNView": {
						"type": "transparent",
						"buttons": [
							 /* {
								"fontSrc": "/static/yticon.ttf",
								"text": "\ue60f",
								"fontSize": "24",
								"color": "#303133",
								"width": "46px",
								"name": "setting",
								"background": "rgba(0,0,0,0)"
							} */
							/* {
								"fontSrc": "/static/yticon.ttf",
								"text": "\ue744",
								"fontSize": "28",
								"color": "#303133",
								"background": "rgba(0,0,0,0)",
								"redDot": true
							} */
						]
					},
					"pullToRefresh": {
						"support": true,
						"style": "circle"
					}
				},
				"enablePullDownRefresh": true
			}
		}, {
			"path": "pages/detail/detail",
			"style": {
				"navigationBarTitleText": "",
				"app-plus": {
					"titleNView": {
						"type": "transparent"
					}
				}
			}
		}, {
			"path": "pages/order/order",
			"style": {
				"navigationBarTitleText": "我的订单",
				"app-plus": {
					"bounce": "none"
				}
			}
		}, {
			"path": "pages/money/money",
			"style": {}
		}, {
			"path": "pages/order/createOrder",
			"style": {
				"navigationBarTitleText": "创建订单"
			}
		}, {
			"path": "pages/address/address",
			"style": {
				"navigationBarTitleText": "收货地址"
			}
		}, {
			"path": "pages/address/addressManage",
			"style": {
				"navigationBarTitleText": ""
			}
		}, {
			"path": "pages/money/pay",
			"style": {
				"navigationBarTitleText": "支付"
			}
		},
		{
			"path": "pages/money/paySuccess",
			"style": {
				"navigationBarTitleText": "支付成功"
			}
		},
		{
			"path":"pages/money/payFail",
			"style": {
				"navigationBarTitleText":"支付失败"
			}
		},
	    {
            "path" : "pages/message/message",
            "style" : {
				"navigationBarTitleText": "消息"
			}
        }
        ,{
            "path" : "pages/category/category",
            "style" : {
				"navigationBarTitleText": "分类",
				"app-plus": {
					"bounce": "none",
					"pullToRefresh": {
						"support": true,
						"style": "circle"
					}
				},
				"enablePullDownRefresh": true
			}
        }
        ,{
            "path" : "pages/product/list",
            "style" : {
				"enablePullDownRefresh": true,
				"navigationBarTitleText": "商品列表"
			}
        }, {
			"path": "pages/webview/webview",
			"style": {
				"enablePullDownRefresh": true,
				"navigationBarTitleText": "网页浏览"
			}
		}, {
			"path": "pages/user/favorite",
			"style": {
				"enablePullDownRefresh": true,
				"navigationBarTitleText": "我的收藏"
			}
		}, {
			"path": "pages/order/orderDetail",
			"style": {
				"enablePullDownRefresh": false,
				"navigationBarTitleText": "订单详情"
			}
		}, {
			"path": "pages/order/review",
			"style": {
				"enablePullDownRefresh": true,
				"navigationBarTitleText": "商品评价"
			}
		},{
            "path" : "pages/user/coupon",
            "style" : {
				"navigationBarTitleText": "优惠券",
				"app-plus": {
					"bounce": "none",
					"pullToRefresh": {
						"support": true,
						"style": "circle"
					}
				},
				"enablePullDownRefresh": true
			}
        }
    ],
	"globalStyle": {
		"navigationBarTextStyle": "black",
		"navigationBarTitleText": "__APP_NAME__",
		"navigationBarBackgroundColor": "#FFFFFF",
		"backgroundColor": "#f8f8f8"
	},
	"tabBar": {
		"color": "#C0C4CC",
		"selectedColor": "#fa436a",
		"borderStyle": "black",
		"backgroundColor": "#ffffff",
		"list": [{
				"pagePath": "pages/index/index",
				"iconPath": "static/tab-home.png",
				"selectedIconPath": "static/tab-home-current.png",
				"enablePullDownRefresh": true,
				"text": "首页"
			},
			{
				"pagePath": "pages/category/category",
				"iconPath": "static/tab-cate.png",
				"selectedIconPath": "static/tab-cate-current.png",
				"text": "分类"
			},
			{
				"pagePath": "pages/cart/cart",
				"iconPath": "static/tab-cart.png",
				"selectedIconPath": "static/tab-cart-current.png",
				"text": "购物车"
			},
			{
				"pagePath": "pages/user/user",
				"iconPath": "static/tab-my.png",
				"selectedIconPath": "static/tab-my-current.png",
				"text": "我的"
			}
		]
	},
	"easycom": {
		"autoscan": true
	}
}
